"encoding","encode_all_kernel_matrices_sec"
"fp32",0.0480000000000018
"fp16",0.103999999999999
"bins100",2.495
