"threads","median","minimum","maximum"
1,3.135,3.122,3.141
2,1.576,1.555,1.59
4,0.821000000000002,0.812999999999999,0.844999999999999
8,0.477999999999998,0.471999999999998,0.506999999999998
