"cell_type","component","correlation","nrmse","max_absolute_error","weight_cosine"
"Epithelial",1,0.999999999999711,7.08434073920736e-07,2.66907608570399e-06,0.99999999999975
"Epithelial",2,0.99999999999979,7.2803808955662e-07,3.37800761812668e-06,0.999999999999736
"Epithelial",3,0.999999999999761,6.85521003034441e-07,4.55709953328665e-06,0.999999999999765
"Epithelial",4,0.999999999999523,9.59904922440014e-07,5.15044251414576e-06,0.99999999999954
"Fibroblast",1,0.999999999999715,7.63677535820245e-07,3.19349688915338e-06,0.999999999999708
"Fibroblast",2,0.999999999999579,9.20870473507077e-07,3.37905772074265e-06,0.999999999999575
"Fibroblast",3,0.9999999999996,8.79743917696644e-07,5.13372981636451e-06,0.999999999999613
"Fibroblast",4,0.999999999999322,1.17308167295398e-06,7.31111862681266e-06,0.999999999999314
